case_type,case,period,window,top_n,cost_bps,total_return,annual_return,annual_volatility,sharpe_ratio_rf0,return_vol_ratio,max_drawdown,daily_win_rate,trade_count,rebalance_count,total_fees,total_turnover
strategy,window_20_top_1,research,20,1.0,5,-0.33139837071549616,-0.1587131319934273,0.19472333123156074,-0.7900116860843812,-0.8150699301907951,-0.39918764417666497,0.47018739352640543,51,29,19128.007818295206,51.075759655018956
strategy,window_20_top_1,validation,20,1.0,5,0.32044387842602395,0.11232877294558286,0.29684338310187625,0.5086173974959122,0.37841090399859706,-0.4122708364409693,0.5121580547112462,49,33,27381.173186218035,49.04429482773941
strategy,window_20_top_2,research,20,2.0,5,-0.06790746475508003,-0.02973868810672997,0.15114982062985802,-0.12414533206442573,-0.19674974130174663,-0.19810562391780007,0.4940374787052811,100,29,19924.871303181855,43.124062135229124
strategy,window_20_top_2,validation,20,2.0,5,0.4720711065428549,0.15961320729754758,0.23373110918388243,0.7513481708223624,0.6828924393285434,-0.2860704171968296,0.5258358662613982,105,33,23587.947747785984,40.20257625677377
strategy,window_20_top_3,research,20,3.0,5,-0.003150620248195235,-0.0013537841066102452,0.12021814271128954,0.0487601520610881,-0.011261063231208221,-0.14000174439320456,0.4991482112436116,132,29,15589.591117593693,31.172690070438225
strategy,window_20_top_3,validation,20,3.0,5,0.2836321599096798,0.10034896290029804,0.20006927979682282,0.578945459432671,0.5015710707921068,-0.24278952748981053,0.541033434650456,149,33,19494.777364901427,34.53346599356246
strategy,window_60_top_1,research,60,1.0,5,-0.409452986824973,-0.20237419417112845,0.1818046868723548,-1.151865347711366,-1.1131406876942371,-0.45958054553651295,0.4838160136286201,37,29,12543.21051884596,37.07266214183094
strategy,window_60_top_1,validation,60,1.0,5,0.39638262302210725,0.1364062502150145,0.3229858075115446,0.5595327681066248,0.4223289291438569,-0.30942197254498205,0.5349544072948328,31,33,19081.512090081662,31.09157276588479
strategy,window_60_top_2,research,60,2.0,5,-0.2962484975112907,-0.1400030983294146,0.1426073889463098,-0.9858913060885438,-0.9817380387079684,-0.39014646738895664,0.4940374787052811,87,29,11426.235885360544,30.17300046337
strategy,window_60_top_2,validation,60,2.0,5,0.1128521258200661,0.04180049405197406,0.23793224947055178,0.29235005093822697,0.17568233875394682,-0.29987613245880207,0.5592705167173252,88,33,12272.691581127232,23.439090323083416
strategy,window_60_top_3,research,60,3.0,5,-0.1576247990703774,-0.07099205477289405,0.12003695669818337,-0.5533249288445464,-0.591418315872452,-0.29841316901136294,0.5161839863713799,118,29,9345.317452601299,22.121840280743534
strategy,window_60_top_3,validation,60,3.0,5,0.14518696823682808,0.05329108285334594,0.20552174832688697,0.35642700173797276,0.2592965624668844,-0.23290493758829078,0.5455927051671733,131,33,12249.542946406713,22.822840167214586
strategy,window_120_top_1,research,120,1.0,5,0.6304117155832327,0.23350112796942635,0.17895339347020703,1.2622875990378497,1.3048153121963606,-0.11698534053393905,0.534923339011925,25,29,15837.716518971029,25.101917429569237
strategy,window_120_top_1,validation,120,1.0,5,-0.22499777885803995,-0.09300397436551966,0.3151916602242992,-0.1493808133814841,-0.29507117764263,-0.4399485606506347,0.5030395136778115,15,33,7306.009586269489,15.026554124200565
strategy,window_120_top_2,research,120,2.0,5,-0.027611765309608738,-0.011948543641580933,0.12116490645958398,-0.03863237881554422,-0.0986138972967929,-0.17143459776837322,0.5195911413969335,82,29,11907.681504980115,25.37423354616481
strategy,window_120_top_2,validation,120,2.0,5,0.04244796144152674,0.016048514167718464,0.24704479485729575,0.1893971918438046,0.064961960348077,-0.29819721705141966,0.5151975683890577,91,33,13558.499802064302,26.43869636686594
strategy,window_120_top_3,research,120,3.0,5,0.03690886736946242,0.015681305043091287,0.10184500822198324,0.20367868002767037,0.15397224976320908,-0.1427793886669514,0.5315161839863713,105,29,6542.9834399846195,13.445251402119112
strategy,window_120_top_3,validation,120,3.0,5,0.20371031551307417,0.0735893780737753,0.21590389206486837,0.4381584778861275,0.3408432213517733,-0.2600434144058893,0.547112462006079,125,33,10126.333973135876,19.04351643020822
strategy,window_20+60+120_top_1,research,20+60+120,1.0,5,-0.2832526188192903,-0.1332208593232972,0.1845621055064853,-0.6821068418070307,-0.7218213021449084,-0.36473050218593805,0.48722316865417375,41,29,15242.866413531461,41.05293503379583
strategy,window_20+60+120_top_1,validation,20+60+120,1.0,5,0.19114059810341555,0.06928191890381497,0.3104994215330916,0.37271789534338334,0.22313058929944324,-0.3280916827500221,0.5106382978723404,27,33,14349.255906545404,27.076868055251744
strategy,window_20+60+120_top_2,research,20+60+120,2.0,5,-0.17128492193399725,-0.07748965562865251,0.1360279649703235,-0.5248035968988026,-0.5696597434620008,-0.2946580696504906,0.5025553662691652,85,29,11622.394413505997,28.23373940189324
strategy,window_20+60+120_top_2,validation,20+60+120,2.0,5,-0.08826236311369584,-0.03476953901478175,0.24976489406570299,-0.01531845762783214,-0.13920907157446752,-0.306185973085229,0.5303951367781155,93,33,13609.370237270818,28.257106760228282
strategy,window_20+60+120_top_3,research,20+60+120,3.0,5,-0.07703380191278941,-0.03382853046255263,0.11111265600906045,-0.25413589989217594,-0.3044525410300169,-0.24126713918612475,0.5212947189097104,114,29,8647.64176639057,19.28143756936717
strategy,window_20+60+120_top_3,validation,20+60+120,3.0,5,0.18525309549129876,0.06725471016418871,0.21524976299937396,0.41133831957647965,0.31244963630637923,-0.24715579460190584,0.560790273556231,124,33,10382.09207347341,18.295290197557122
benchmark,equal_weight,research,,,5,-0.03172985765276459,-0.013747100056093364,0.1051902166070719,-0.07894000952192166,-0.1306880097741823,-0.17012577351515779,0.5178875638841567,7,1,499.75012493753127,0.9995002498750625
benchmark,equal_weight,validation,,,5,0.5740599401904354,0.1897479167984244,0.159232150367135,1.1712642638757826,1.1916432476791303,-0.11223563311727358,0.5547112462006079,7,1,499.75012493753127,0.9995002498750625
benchmark,csi300,research,,,5,-0.2748723677377025,-0.1288845598046533,0.18011941858528435,-0.675930624679016,-0.7155506097951789,-0.34817472040514963,0.44122657580919933,1,1,499.7501249375313,0.9995002498750626
benchmark,csi300,validation,,,5,0.4058768257088097,0.13935918406869496,0.19730535112580616,0.7597413466864498,0.7063122377245437,-0.1706736491311598,0.5091185410334347,1,1,499.7501249375313,0.9995002498750626
